"","X","stratum","id","book.value","selected"
"1",1,1,0,531678,0
"2",2,1,1,480499,1
"3",3,1,2,183370,0
"4",4,1,3,547531,0
"5",5,1,4,558986,0
"6",6,1,5,495452,0
"7",7,1,6,169773,0
"8",8,1,7,240451,0
"9",9,1,8,598190,0
"10",10,1,9,409639,0
"11",11,1,10,122785,0
"12",12,1,11,375127,1
"13",13,1,12,630187,0
"14",14,1,13,398662,0
"15",15,1,14,224370,0
"16",16,1,15,230125,0
"17",17,1,16,543580,0
"18",18,1,17,450735,0
"19",19,1,18,499797,0
"20",20,1,19,185809,0
"21",21,1,20,415470,0
"22",22,1,21,308377,1
"23",23,1,22,414409,0
"24",24,1,23,306272,0
"25",25,1,24,569594,0
"26",26,1,25,434229,0
"27",27,1,26,486868,0
"28",28,1,27,312349,0
"29",29,1,28,297919,0
"30",30,1,29,528771,0
"31",31,1,30,127803,0
"32",32,1,31,379674,0
"33",33,1,32,265901,1
"34",34,1,33,203025,0
"35",35,1,34,487876,0
"36",36,1,35,628884,0
"37",37,1,36,526891,0
"38",38,1,37,637474,0
"39",39,1,38,377383,0
"40",40,1,39,135154,0
"41",41,1,40,275436,0
"42",42,1,41,499458,1
"43",43,1,42,274633,0
"44",44,1,43,15050,0
"45",45,1,44,372895,0
"46",46,1,45,113144,0
"47",47,1,46,554725,0
"48",48,1,47,455093,0
"49",49,1,48,29205,0
"50",50,1,49,220598,0
"51",51,1,50,539800,0
"52",52,1,51,276701,0
"53",53,1,52,267396,0
"54",54,1,53,108586,0
"55",55,1,54,364500,0
"56",56,1,55,334726,0
"57",57,1,56,25514,1
"58",58,1,57,638679,0
"59",59,1,58,20102,0
"60",60,1,59,650125,0
"61",61,1,60,27865,0
"62",62,1,61,497633,0
"63",63,1,62,25808,0
"64",64,1,63,202836,0
"65",65,1,64,53891,0
"66",66,1,65,522968,0
"67",67,1,66,13932,0
"68",68,1,67,140395,0
"69",69,1,68,572423,0
"70",70,1,69,342176,1
"71",71,1,70,497141,0
"72",72,1,71,632846,0
"73",73,1,72,421884,0
"74",74,1,73,154691,0
"75",75,1,74,453472,0
"76",76,1,75,49324,0
"77",77,1,76,359841,0
"78",78,1,77,100497,0
"79",79,1,78,520555,0
"80",80,1,79,59320,0
"81",81,1,80,431703,1
"82",82,1,81,454036,0
"83",83,1,82,257497,0
"84",84,1,83,104214,0
"85",85,1,84,372232,0
"86",86,1,85,381601,0
"87",87,1,86,63795,0
"88",88,1,87,556697,0
"89",89,1,88,480232,0
"90",90,1,89,368485,0
"91",91,1,90,307035,0
"92",92,1,91,416025,0
"93",93,1,92,349517,1
"94",94,1,93,202225,0
"95",95,1,94,481559,0
"96",96,1,95,626783,0
"97",97,1,96,42220,0
"98",98,1,97,536642,0
"99",99,1,98,403223,0
"100",100,1,99,463994,0
"101",101,1,100,311009,0
"102",102,1,101,338106,0
"103",103,1,102,592004,1
"104",104,1,103,543826,0
"105",105,1,104,146045,0
"106",106,1,105,223817,0
"107",107,1,106,647570,0
"108",108,1,107,560943,0
"109",109,1,108,342100,0
"110",110,1,109,174190,0
"111",111,1,110,305316,0
"112",112,1,111,218052,0
"113",113,1,112,25778,0
"114",114,1,113,63184,0
"115",115,1,114,22870,0
"116",116,1,115,491575,0
"117",117,1,116,83970,1
"118",118,1,117,220931,0
"119",119,1,118,405693,0
"120",120,1,119,419919,0
"121",121,1,120,120759,0
"122",122,1,121,368128,0
"123",123,1,122,59176,0
"124",124,1,123,555121,0
"125",125,1,124,101941,0
"126",126,1,125,391146,0
"127",127,1,126,205295,0
"128",128,1,127,15900,0
"129",129,1,128,126090,0
"130",130,1,129,8882,0
"131",131,1,130,621995,0
"132",132,1,131,276828,1
"133",133,1,132,393388,0
"134",134,1,133,397741,0
"135",135,1,134,346406,0
"136",136,1,135,355450,0
"137",137,1,136,57459,0
"138",138,1,137,223027,0
"139",139,1,138,588419,0
"140",140,1,139,83387,0
"141",141,1,140,312057,0
"142",142,1,141,444032,0
"143",143,1,142,605,0
"144",144,1,143,123191,0
"145",145,1,144,176158,0
"146",146,1,145,429011,1
"147",147,1,146,605970,0
"148",148,1,147,124048,0
"149",149,1,148,177861,0
"150",150,1,149,152674,0
"151",151,1,150,324813,0
"152",152,1,151,311001,0
"153",153,1,152,137984,0
"154",154,1,153,356239,0
"155",155,1,154,126755,0
"156",156,1,155,311163,0
"157",157,1,156,448686,0
"158",158,1,157,241969,0
"159",159,1,158,291177,0
"160",160,1,159,268459,1
"161",161,1,160,424712,0
"162",162,1,161,41574,0
"163",163,1,162,579358,0
"164",164,1,163,171016,0
"165",165,1,164,178534,0
"166",166,1,165,249965,0
"167",167,1,166,149286,0
"168",168,1,167,134301,0
"169",169,1,168,541441,0
"170",170,1,169,61476,0
"171",171,1,170,618871,0
"172",172,1,171,110725,0
"173",173,1,172,184599,0
"174",174,1,173,468105,1
"175",175,1,174,563307,0
"176",176,1,175,470390,0
"177",177,1,176,155903,0
"178",178,1,177,365067,0
"179",179,1,178,197687,0
"180",180,1,179,184132,0
"181",181,1,180,401042,0
"182",182,1,181,164093,0
"183",183,1,182,216050,0
"184",184,1,183,106178,0
"185",185,1,184,223227,0
"186",186,1,185,306305,1
"187",187,1,186,610767,0
"188",188,1,187,541763,0
"189",189,1,188,399845,0
"190",190,1,189,40356,0
"191",191,1,190,650565,0
"192",192,1,191,279330,0
"193",193,1,192,574308,0
"194",194,1,193,374052,0
"195",195,1,194,304720,0
"196",196,1,195,604171,1
"197",197,1,196,484377,0
"198",198,1,197,134745,0
"199",199,1,198,574971,0
"200",200,1,199,527612,0
"201",201,1,200,301017,0
"202",202,1,201,230642,0
"203",203,1,202,43142,0
"204",204,1,203,186663,0
"205",205,1,204,608046,0
"206",206,1,205,177811,1
"207",207,1,206,651726,0
"208",208,1,207,503562,0
"209",209,1,208,253386,0
"210",210,1,209,332308,0
"211",211,1,210,87241,0
"212",212,1,211,391102,0
"213",213,1,212,94553,0
"214",214,1,213,447220,0
"215",215,1,214,208274,0
"216",216,1,215,99049,0
"217",217,1,216,155004,0
"218",218,1,217,533962,0
"219",219,1,218,326204,0
"220",220,1,219,351173,1
"221",221,1,220,119459,0
"222",222,1,221,177351,0
"223",223,1,222,229787,0
"224",224,1,223,245463,0
"225",225,1,224,229905,0
"226",226,1,225,90306,0
"227",227,1,226,258863,0
"228",228,1,227,127714,0
"229",229,1,228,390862,0
"230",230,1,229,209180,0
"231",231,1,230,548250,0
"232",232,1,231,503849,0
"233",233,1,232,297563,0
"234",234,1,233,444726,1
"235",235,1,234,242993,0
"236",236,1,235,546408,0
"237",237,1,236,355192,0
"238",238,1,237,440802,0
"239",239,1,238,269167,0
"240",240,1,239,310010,0
"241",241,1,240,18515,0
"242",242,1,241,235143,0
"243",243,1,242,520908,0
"244",244,1,243,462984,1
"245",245,1,244,568353,0
"246",246,1,245,86056,0
"247",247,1,246,496647,0
"248",248,1,247,395327,0
"249",249,1,248,294004,0
"250",250,1,249,612085,0
"251",251,1,250,471234,0
"252",252,1,251,516512,0
"253",253,1,252,251246,0
"254",254,1,253,520409,1
"255",255,1,254,287766,0
"256",256,1,255,259456,0
"257",257,1,256,407266,0
"258",258,1,257,3608,0
"259",259,1,258,6019,0
"260",260,1,259,208439,0
"261",261,1,260,216587,0
"262",262,1,261,213260,0
"263",263,1,262,249000,0
"264",264,1,263,316531,0
"265",265,1,264,293731,0
"266",266,1,265,651366,0
"267",267,1,266,518069,1
"268",268,1,267,607376,0
"269",269,1,268,169405,0
"270",270,1,269,587501,0
"271",271,1,270,107985,0
"272",272,1,271,28628,0
"273",273,1,272,348952,0
"274",274,1,273,184016,0
"275",275,1,274,315871,0
"276",276,1,275,324010,0
"277",277,1,276,231175,0
"278",278,1,277,152099,0
"279",279,1,278,632815,0
"280",280,1,279,504651,1
"281",281,1,280,341671,0
"282",282,1,281,423294,0
"283",283,1,282,235039,0
"284",284,1,283,239189,0
"285",285,1,284,452386,0
"286",286,1,285,384294,0
"287",287,1,286,424873,0
"288",288,1,287,83538,0
"289",289,1,288,173914,0
"290",290,1,289,180385,0
"291",291,1,290,266856,0
"292",292,1,291,467241,1
"293",293,1,292,424693,0
"294",294,1,293,10621,0
"295",295,1,294,304001,0
"296",296,1,295,425383,0
"297",297,1,296,200304,0
"298",298,1,297,624253,0
"299",299,1,298,610278,0
"300",300,1,299,142710,0
"301",301,1,300,488972,0
"302",302,1,301,166459,0
"303",303,1,302,74969,0
"304",304,1,303,395833,0
"305",305,1,304,47533,0
"306",306,1,305,245834,1
"307",307,1,306,277438,0
"308",308,1,307,545570,0
"309",309,1,308,123879,0
"310",310,1,309,262697,0
"311",311,1,310,274126,0
"312",312,1,311,382411,0
"313",313,1,312,305713,0
"314",314,1,313,23514,0
"315",315,1,314,79345,0
"316",316,1,315,580112,0
"317",317,1,316,592215,0
"318",318,1,317,365633,1
"319",319,1,318,555920,0
"320",320,1,319,551714,0
"321",321,1,320,496782,0
"322",322,1,321,508386,0
"323",323,1,322,18323,0
"324",324,1,323,108273,0
"325",325,1,324,241865,0
"326",326,1,325,6317,0
"327",327,1,326,156656,0
"328",328,1,327,104013,0
"329",329,1,328,306168,0
"330",330,1,329,45306,0
"331",331,1,330,519702,0
"332",332,1,331,63953,0
"333",333,1,332,264236,1
"334",334,1,333,337235,0
"335",335,1,334,170696,0
"336",336,1,335,439423,0
"337",337,1,336,143189,0
"338",338,1,337,515169,0
"339",339,1,338,202452,0
"340",340,1,339,19876,0
"341",341,1,340,46433,0
"342",342,1,341,133026,0
"343",343,1,342,298495,0
"344",344,1,343,225221,0
"345",345,1,344,478425,0
"346",346,1,345,36657,0
"347",347,1,346,22538,0
"348",348,1,347,51788,0
"349",349,1,348,254800,0
"350",350,1,349,312364,0
"351",351,1,350,63462,1
"352",352,1,351,371113,0
"353",353,1,352,133899,0
"354",354,1,353,161698,0
"355",355,1,354,441342,0
"356",356,1,355,550612,0
"357",357,1,356,295058,0
"358",358,1,357,638990,0
"359",359,1,358,126495,0
"360",360,1,359,165119,0
"361",361,1,360,644443,1
"362",362,1,361,601535,0
"363",363,1,362,98773,0
"364",364,1,363,399243,0
"365",365,1,364,158933,0
"366",366,1,365,134276,0
"367",367,1,366,460565,0
"368",368,1,367,628914,0
"369",369,1,368,249047,0
"370",370,1,369,271480,0
"371",371,1,370,315822,0
"372",372,1,371,387679,0
"373",373,1,372,554806,1
"374",374,1,373,200765,0
"375",375,1,374,107777,0
"376",376,1,375,547893,0
"377",377,1,376,232300,0
"378",378,1,377,263903,0
"379",379,1,378,361978,0
"380",380,1,379,215323,0
"381",381,1,380,448110,0
"382",382,1,381,594645,0
"383",383,1,382,394461,0
"384",384,1,383,42901,0
"385",385,1,384,533842,1
"386",386,1,385,144719,0
"387",387,1,386,304917,0
"388",388,1,387,322336,0
"389",389,1,388,167037,0
"390",390,1,389,524505,0
"391",391,1,390,569162,0
"392",392,1,391,344458,0
"393",393,1,392,383523,0
"394",394,1,393,647772,0
"395",395,1,394,510152,1
"396",396,1,395,459514,0
"397",397,1,396,350118,0
"398",398,1,397,179864,0
"399",399,1,398,624614,0
"400",400,1,399,120216,0
"401",401,1,400,632433,0
"402",402,1,401,97849,0
"403",403,1,402,344876,0
"404",404,1,403,291999,0
"405",405,1,404,167859,0
"406",406,1,405,80352,0
"407",407,1,406,283335,1
"408",408,1,407,554398,0
"409",409,1,408,33025,0
"410",410,1,409,455750,0
"411",411,1,410,345080,0
"412",412,1,411,15535,0
"413",413,1,412,496333,0
"414",414,1,413,391179,0
"415",415,1,414,372991,0
"416",416,1,415,85459,0
"417",417,1,416,470264,0
"418",418,1,417,348636,0
"419",419,1,418,464142,1
"420",420,1,419,175824,0
"421",421,1,420,581756,0
"422",422,1,421,80970,0
"423",423,1,422,80697,0
"424",424,1,423,25996,0
"425",425,1,424,494204,0
"426",426,1,425,131690,0
"427",427,1,426,330269,0
"428",428,1,427,281379,0
"429",429,1,428,168614,0
"430",430,1,429,468958,0
"431",431,1,430,301596,0
"432",432,1,431,196802,0
"433",433,1,432,205324,0
"434",434,1,433,299795,1
"435",435,1,434,518198,0
"436",436,1,435,213755,0
"437",437,1,436,609424,0
"438",438,1,437,18464,0
"439",439,1,438,56093,0
"440",440,1,439,257967,0
"441",441,1,440,171139,0
"442",442,1,441,107215,0
"443",443,1,442,26844,0
"444",444,1,443,331555,0
"445",445,1,444,81345,0
"446",446,1,445,238600,0
"447",447,1,446,259167,0
"448",448,1,447,195609,0
"449",449,1,448,467813,0
"450",450,1,449,478176,1
"451",451,1,450,571053,0
"452",452,1,451,477376,0
"453",453,1,452,23999,0
"454",454,1,453,142314,0
"455",455,1,454,464861,0
"456",456,1,455,378502,0
"457",457,1,456,355314,0
"458",458,1,457,574219,0
"459",459,1,458,326320,0
"460",460,1,459,153155,0
"461",461,1,460,376302,1
"462",462,1,461,148129,0
"463",463,1,462,645515,2
"464",464,1,463,9652256,0
"465",465,1,464,633014,0
"466",466,1,465,648461,0
"467",467,1,466,391727,0
"468",468,1,467,612537,0
"469",469,1,468,163604,0
"470",470,1,469,487431,1
"471",471,1,470,349886,0
"472",472,1,471,535370,0
"473",473,1,472,311484,0
"474",474,1,473,254733,0
"475",475,1,474,646397,0
"476",476,1,475,454177,0
"477",477,1,476,80122,0
"478",478,1,477,514824,0
"479",479,1,478,501119,0
"480",480,1,479,143451,0
"481",481,1,480,309536,1
"482",482,1,481,240053,0
"483",483,1,482,256792,0
"484",484,1,483,52884,0
"485",485,1,484,576375,0
"486",486,1,485,12498,0
"487",487,1,486,479645,0
"488",488,1,487,576326,0
"489",489,1,488,309686,0
"490",490,1,489,397574,0
"491",491,1,490,360789,0
"492",492,1,491,400494,1
"493",493,1,492,385942,0
"494",494,1,493,472877,0
"495",495,1,494,117200,0
"496",496,1,495,459893,0
"497",497,1,496,242933,0
"498",498,1,497,528015,0
"499",499,1,498,486646,0
"500",500,1,499,309179,0
"501",501,1,500,313442,0
"502",502,1,501,413012,0
"503",503,1,502,370162,1
"504",504,1,503,417759,0
"505",505,1,504,187882,0
"506",506,1,505,107233,0
"507",507,1,506,120636,0
"508",508,1,507,528104,0
"509",509,1,508,5944,0
"510",510,1,509,469662,0
"511",511,1,510,73429,0
"512",512,1,511,629322,0
"513",513,1,512,13052,0
"514",514,1,513,540292,0
"515",515,1,514,136878,0
"516",516,1,515,267454,1
"517",517,1,516,600620,0
"518",518,1,517,193957,0
"519",519,1,518,77077,0
"520",520,1,519,275446,0
"521",521,1,520,333862,0
"522",522,1,521,165920,0
"523",523,1,522,538128,0
"524",524,1,523,322626,0
"525",525,1,524,132978,0
"526",526,1,525,122320,0
"527",527,1,526,157211,0
"528",528,1,527,225363,0
"529",529,1,528,477423,0
"530",530,1,529,382132,1
"531",531,1,530,612414,0
"532",532,1,531,145038,0
"533",533,1,532,510901,0
"534",534,1,533,604338,0
"535",535,1,534,257216,0
"536",536,1,535,494077,0
"537",537,1,536,378408,0
"538",538,1,537,511845,0
"539",539,1,538,492809,1
"540",540,1,539,408243,0
"541",541,1,540,415309,0
"542",542,1,541,117451,0
"543",543,1,542,391897,0
"544",544,1,543,623281,0
"545",545,1,544,339467,0
"546",546,1,545,491481,0
"547",547,1,546,290311,0
"548",548,1,547,167799,0
"549",549,1,548,365319,0
"550",550,1,549,39049,0
"551",551,1,550,289494,1
"552",552,1,551,637031,0
"553",553,1,552,438866,0
"554",554,1,553,79050,0
"555",555,1,554,220941,0
"556",556,1,555,191879,0
"557",557,1,556,133077,0
"558",558,1,557,471440,0
"559",559,1,558,415959,0
"560",560,1,559,26996,0
"561",561,1,560,176823,0
"562",562,1,561,127653,0
"563",563,1,562,367757,0
"564",564,1,563,103726,0
"565",565,1,564,173774,1
"566",566,1,565,454956,0
"567",567,1,566,98341,0
"568",568,1,567,590585,0
"569",569,1,568,560573,0
"570",570,1,569,53341,0
"571",571,1,570,15532,0
"572",572,1,571,648966,0
"573",573,1,572,54191,0
"574",574,1,573,254115,0
"575",575,1,574,576648,0
"576",576,1,575,406991,0
"577",577,1,576,95261,1
"578",578,1,577,580903,0
"579",579,1,578,275261,0
"580",580,1,579,424601,0
"581",581,1,580,353186,0
"582",582,1,581,510492,0
"583",583,1,582,426547,0
"584",584,1,583,448662,0
"585",585,1,584,108413,0
"586",586,1,585,100769,0
"587",587,1,586,276083,0
"588",588,1,587,163861,0
"589",589,1,588,130790,1
"590",590,1,589,621603,0
"591",591,1,590,129669,0
"592",592,1,591,137169,0
"593",593,1,592,269751,0
"594",594,1,593,323851,0
"595",595,1,594,494842,0
"596",596,1,595,388917,0
"597",597,1,596,35943,0
"598",598,1,597,611617,0
"599",599,1,598,321658,0
"600",600,1,599,482142,0
"601",601,1,600,587134,1
"602",602,1,601,239259,0
"603",603,1,602,488697,0
"604",604,1,603,66646,0
"605",605,1,604,369584,0
"606",606,1,605,515101,0
"607",607,1,606,427666,0
"608",608,1,607,649019,0
"609",609,1,608,483967,0
"610",610,1,609,343726,0
"611",611,1,610,289439,1
"612",612,1,611,523131,0
"613",613,1,612,97265,0
"614",614,1,613,491052,0
"615",615,1,614,150744,0
"616",616,1,615,394106,0
"617",617,1,616,431980,0
"618",618,1,617,175102,0
"619",619,1,618,166061,0
"620",620,1,619,386640,0
"621",621,1,620,476386,0
"622",622,1,621,336114,1
"623",623,1,622,480666,0
"624",624,1,623,588606,0
"625",625,1,624,525048,0
"626",626,1,625,83659,0
"627",627,1,626,603174,0
"628",628,1,627,492046,0
"629",629,1,628,640914,0
"630",630,1,629,372691,0
"631",631,1,630,258155,1
"632",632,1,631,161062,0
"633",633,1,632,308089,0
"634",634,1,633,276897,0
"635",635,1,634,338829,0
"636",636,1,635,235632,0
"637",637,1,636,331835,0
"638",638,1,637,652233,0
"639",639,1,638,230923,0
"640",640,1,639,80680,0
"641",641,1,640,216732,0
"642",642,1,641,384917,0
"643",643,1,642,242033,0
"644",644,1,643,79778,1
"645",645,1,644,566586,0
"646",646,1,645,265771,0
"647",647,1,646,251422,0
"648",648,1,647,545083,0
"649",649,1,648,475662,0
"650",650,1,649,375705,0
"651",651,1,650,93304,0
"652",652,1,651,194772,0
"653",653,1,652,502589,0
"654",654,1,653,438580,0
"655",655,1,654,172239,1
"656",656,1,655,480187,0
"657",657,1,656,238952,0
"658",658,1,657,453336,0
"659",659,1,658,178738,0
"660",660,1,659,533534,0
"661",661,1,660,338831,0
"662",662,1,661,35133,0
"663",663,1,662,353734,0
"664",664,1,663,127656,0
"665",665,1,664,511629,0
"666",666,1,665,95893,0
"667",667,1,666,301483,0
"668",668,1,667,235395,0
"669",669,1,668,85130,0
"670",670,1,669,28095,1
"671",671,1,670,516954,0
"672",672,1,671,147390,0
"673",673,1,672,258488,0
"674",674,1,673,230284,0
"675",675,1,674,375921,0
"676",676,1,675,387514,0
"677",677,1,676,51694,0
"678",678,1,677,488595,0
"679",679,1,678,440943,0
"680",680,1,679,358488,0
"681",681,1,680,421274,0
"682",682,1,681,417119,1
"683",683,1,682,186030,0
"684",684,1,683,248805,0
"685",685,1,684,246161,0
"686",686,1,685,257047,0
"687",687,1,686,354285,0
"688",688,1,687,128444,0
"689",689,1,688,300626,0
"690",690,1,689,57543,0
"691",691,1,690,390353,0
"692",692,1,691,342446,0
"693",693,1,692,158229,0
"694",694,1,693,144347,0
"695",695,1,694,559062,0
"696",696,1,695,551950,0
"697",697,1,696,36573,1
"698",698,1,697,482399,0
"699",699,1,698,291105,0
"700",700,1,699,198066,0
"701",701,1,700,332212,0
"702",702,1,701,291545,0
"703",703,1,702,635387,0
"704",704,1,703,162603,0
"705",705,1,704,286219,0
"706",706,1,705,512428,0
"707",707,1,706,589253,1
"708",708,1,707,321523,0
"709",709,1,708,563473,0
"710",710,1,709,207918,0
"711",711,1,710,420131,0
"712",712,1,711,244847,0
"713",713,1,712,186317,0
"714",714,1,713,305214,0
"715",715,1,714,246978,0
"716",716,1,715,67756,0
"717",717,1,716,248141,0
"718",718,1,717,639009,0
"719",719,1,718,418220,1
"720",720,1,719,191831,0
"721",721,1,720,258656,0
"722",722,1,721,203911,0
"723",723,1,722,631618,0
"724",724,1,723,67025,0
"725",725,1,724,486241,0
"726",726,1,725,255785,0
"727",727,1,726,502839,0
"728",728,1,727,621572,0
"729",729,1,728,474225,0
"730",730,1,729,129544,1
"731",731,1,730,650521,0
"732",732,1,731,38518,0
"733",733,1,732,445524,0
"734",734,1,733,630123,0
"735",735,1,734,406067,0
"736",736,1,735,84281,0
"737",737,1,736,143826,0
"738",738,1,737,156711,0
"739",739,1,738,532848,0
"740",740,1,739,244374,0
"741",741,1,740,470307,1
"742",742,1,741,353571,0
"743",743,1,742,227921,0
"744",744,1,743,1986,0
"745",745,1,744,432960,0
"746",746,1,745,627342,0
"747",747,1,746,236487,0
"748",748,1,747,421261,0
"749",749,1,748,201978,0
"750",750,1,749,260176,0
"751",751,1,750,466610,0
"752",752,1,751,87970,0
"753",753,1,752,427893,1
"754",754,1,753,650789,0
"755",755,1,754,353112,0
"756",756,1,755,342615,0
"757",757,1,756,485247,0
"758",758,1,757,604479,0
"759",759,1,758,518235,0
"760",760,1,759,452385,0
"761",761,1,760,276969,0
"762",762,1,761,5398,0
"763",763,1,762,137158,0
"764",764,1,763,73496,0
"765",765,1,764,292684,1
"766",766,1,765,90716,2
"767",767,1,766,13352560,0
"768",768,1,767,504336,0
"769",769,1,768,193043,0
"770",770,1,769,137932,0
"771",771,1,770,330719,0
"772",772,1,771,34700,0
"773",773,1,772,523823,0
"774",774,1,773,342536,0
"775",775,1,774,243920,0
"776",776,1,775,375395,0
"777",777,1,776,482696,0
"778",778,1,777,269726,1
"779",779,1,778,635349,0
"780",780,1,779,604236,0
"781",781,1,780,175931,0
"782",782,1,781,278586,0
"783",783,1,782,450159,0
"784",784,1,783,620482,0
"785",785,1,784,91459,0
"786",786,1,785,56532,0
"787",787,1,786,160538,0
"788",788,1,787,624021,0
"789",789,1,788,160558,1
"790",790,1,789,638372,0
"791",791,1,790,524773,0
"792",792,1,791,609268,0
"793",793,1,792,458498,0
"794",794,1,793,323447,0
"795",795,1,794,272399,0
"796",796,1,795,624625,0
"797",797,1,796,62327,0
"798",798,1,797,262531,0
"799",799,1,798,488923,1
"800",800,1,799,409985,0
"801",801,1,800,224555,0
"802",802,1,801,526272,0
"803",803,1,802,434375,0
"804",804,1,803,623902,0
"805",805,1,804,328852,0
"806",806,1,805,595123,0
"807",807,1,806,641785,1
"808",808,1,807,386353,0
"809",809,1,808,33800,0
"810",810,1,809,605582,0
"811",811,1,810,130193,0
"812",812,1,811,126073,0
"813",813,1,812,153219,0
"814",814,1,813,262754,0
"815",815,1,814,345154,0
"816",816,1,815,149555,0
"817",817,1,816,489375,0
"818",818,1,817,290118,0
"819",819,1,818,473377,0
"820",820,1,819,591645,1
"821",821,1,820,624122,0
"822",822,1,821,144939,0
"823",823,1,822,46020,0
"824",824,1,823,138918,0
"825",825,1,824,222211,0
"826",826,1,825,620135,0
"827",827,1,826,260188,0
"828",828,1,827,108248,0
"829",829,1,828,111929,0
"830",830,1,829,167738,0
"831",831,1,830,11288,0
"832",832,1,831,5258,0
"833",833,1,832,240752,0
"834",834,1,833,39339,0
"835",835,1,834,591331,0
"836",836,1,835,528841,1
"837",837,1,836,216247,0
"838",838,1,837,237000,0
"839",839,1,838,517535,0
"840",840,1,839,185470,0
"841",841,1,840,646534,0
"842",842,1,841,80616,0
"843",843,1,842,86523,0
"844",844,1,843,219617,0
"845",845,1,844,178366,0
"846",846,1,845,549865,0
"847",847,1,846,396072,0
"848",848,1,847,547020,1
"849",849,1,848,349991,0
"850",850,1,849,339325,0
"851",851,1,850,475146,0
"852",852,1,851,8477,0
"853",853,1,852,572205,0
"854",854,1,853,323028,0
"855",855,1,854,528709,0
"856",856,1,855,591737,0
"857",857,1,856,513696,0
"858",858,1,857,26945,1
"859",859,1,858,479967,0
"860",860,1,859,141928,0
"861",861,1,860,469897,0
"862",862,1,861,327674,0
"863",863,1,862,598311,0
"864",864,1,863,480743,0
"865",865,1,864,633477,0
"866",866,1,865,511687,1
"867",867,1,866,582182,0
"868",868,1,867,280847,0
"869",869,1,868,472249,0
"870",870,1,869,379858,0
"871",871,1,870,495549,0
"872",872,1,871,434411,0
"873",873,1,872,53881,0
"874",874,1,873,414183,0
"875",875,1,874,651248,0
"876",876,1,875,474961,1
"877",877,1,876,237087,0
"878",878,1,877,629245,0
"879",879,1,878,476192,0
"880",880,1,879,527334,0
"881",881,1,880,164657,0
"882",882,1,881,177483,0
"883",883,1,882,519710,0
"884",884,1,883,48321,0
"885",885,1,884,229729,0
"886",886,1,885,173748,0
"887",887,1,886,184556,0
"888",888,1,887,462228,1
"889",889,1,888,651200,0
"890",890,1,889,590707,0
"891",891,1,890,151557,0
"892",892,1,891,272478,0
"893",893,1,892,213675,0
"894",894,1,893,227117,0
"895",895,1,894,558618,0
"896",896,1,895,437635,0
"897",897,1,896,55679,0
"898",898,1,897,199823,0
"899",899,1,898,291058,1
"900",900,1,899,586780,0
"901",901,1,900,196131,0
"902",902,1,901,396748,0
"903",903,1,902,94145,0
"904",904,1,903,486742,0
"905",905,1,904,348635,0
"906",906,1,905,340401,0
"907",907,1,906,17440,0
"908",908,1,907,50482,0
"909",909,1,908,635493,0
"910",910,1,909,389405,0
"911",911,1,910,149200,0
"912",912,1,911,40518,1
"913",913,1,912,534051,0
"914",914,1,913,434031,0
"915",915,1,914,622712,0
"916",916,1,915,521027,0
"917",917,1,916,272712,0
"918",918,1,917,264831,0
"919",919,1,918,373459,0
"920",920,1,919,521749,0
"921",921,1,920,457089,1
"922",922,1,921,394542,0
"923",923,1,922,614484,0
"924",924,1,923,627062,0
"925",925,1,924,516568,0
"926",926,1,925,406683,0
"927",927,1,926,261244,0
"928",928,1,927,513935,0
"929",929,1,928,168465,0
"930",930,1,929,123929,0
"931",931,1,930,403899,0
"932",932,1,931,154303,0
"933",933,1,932,41576,1
"934",934,1,933,124569,0
"935",935,1,934,330275,0
"936",936,1,935,362243,0
"937",937,1,936,304798,0
"938",938,1,937,494770,0
"939",939,1,938,594762,0
"940",940,1,939,432374,0
"941",941,1,940,575029,0
"942",942,1,941,591997,0
"943",943,1,942,85781,1
"944",944,1,943,420859,0
"945",945,1,944,218966,0
"946",946,1,945,196006,0
"947",947,1,946,234282,0
"948",948,1,947,96034,0
"949",949,1,948,523211,0
"950",950,1,949,50983,0
"951",951,1,950,212871,0
"952",952,1,951,239513,0
"953",953,1,952,411363,0
"954",954,1,953,228935,0
"955",955,1,954,477785,0
"956",956,1,955,397553,0
"957",957,1,956,91452,1
"958",958,1,957,591410,0
"959",959,1,958,353428,0
"960",960,1,959,400515,0
"961",961,1,960,595156,0
"962",962,1,961,552480,0
"963",963,1,962,458209,0
"964",964,1,963,457902,0
"965",965,1,964,191434,1
"966",966,1,965,449909,0
"967",967,1,966,224429,0
"968",968,1,967,93958,0
"969",969,1,968,598934,0
"970",970,1,969,591270,0
"971",971,1,970,60581,0
"972",972,1,971,110581,0
"973",973,1,972,289193,0
"974",974,1,973,352803,0
"975",975,1,974,571709,0
"976",976,1,975,81075,0
"977",977,1,976,292970,0
"978",978,1,977,12578,0
"979",979,1,978,347242,1
"980",980,1,979,240154,0
"981",981,1,980,245083,0
"982",982,1,981,190064,0
"983",983,1,982,320701,0
"984",984,1,983,283312,0
"985",985,1,984,258786,0
"986",986,1,985,385343,0
"987",987,1,986,76689,0
"988",988,1,987,636095,0
"989",989,1,988,541088,0
"990",990,1,989,225664,0
"991",991,1,990,525797,1
"992",992,1,991,321724,0
"993",993,1,992,583424,0
"994",994,1,993,128409,0
"995",995,1,994,331407,0
"996",996,1,995,269376,0
"997",997,1,996,538221,0
"998",998,1,997,308233,0
"999",999,1,998,196957,0
"1000",1000,1,999,593310,0
"1001",1001,1,1000,26138,0
"1002",1002,1,1001,286357,0
"1003",1003,1,1002,43938,1
"1004",1004,1,1003,530054,0
"1005",1005,1,1004,143947,0
"1006",1006,1,1005,52742,0
"1007",1007,1,1006,634439,0
"1008",1008,1,1007,319349,0
"1009",1009,1,1008,548263,0
"1010",1010,1,1009,392275,0
"1011",1011,1,1010,604062,0
"1012",1012,1,1011,87457,0
"1013",1013,1,1012,574840,0
"1014",1014,1,1013,106368,1
"1015",1015,1,1014,502129,0
"1016",1016,1,1015,503432,0
"1017",1017,1,1016,580577,0
"1018",1018,1,1017,257849,0
"1019",1019,1,1018,247778,0
"1020",1020,1,1019,165367,0
"1021",1021,1,1020,288029,0
"1022",1022,1,1021,362671,0
"1023",1023,1,1022,206135,0
"1024",1024,1,1023,138866,0
"1025",1025,1,1024,568067,1
"1026",1026,1,1025,538603,0
"1027",1027,1,1026,183791,0
"1028",1028,1,1027,250641,0
"1029",1029,1,1028,62004,0
"1030",1030,1,1029,139747,0
"1031",1031,1,1030,554422,0
"1032",1032,1,1031,213890,0
"1033",1033,1,1032,582551,0
"1034",1034,1,1033,61814,0
"1035",1035,1,1034,389968,0
"1036",1036,1,1035,211037,0
"1037",1037,1,1036,260503,0
"1038",1038,1,1037,322862,0
"1039",1039,1,1038,156880,1
"1040",1040,1,1039,450853,0
"1041",1041,1,1040,56205,0
"1042",1042,1,1041,231973,0
"1043",1043,1,1042,465408,0
"1044",1044,1,1043,251092,0
"1045",1045,1,1044,251311,0
"1046",1046,1,1045,495421,0
"1047",1047,1,1046,596745,0
"1048",1048,1,1047,550487,0
"1049",1049,1,1048,52244,0
"1050",1050,1,1049,496050,1
"1051",1051,1,1050,606597,0
"1052",1052,1,1051,314427,0
"1053",1053,1,1052,524777,0
"1054",1054,1,1053,377175,0
"1055",1055,1,1054,170954,0
"1056",1056,1,1055,310965,0
"1057",1057,1,1056,345006,0
"1058",1058,1,1057,627999,0
"1059",1059,1,1058,309481,0
"1060",1060,1,1059,504568,1
"1061",1061,1,1060,484526,0
"1062",1062,1,1061,436270,0
"1063",1063,1,1062,468033,0
"1064",1064,1,1063,354209,0
"1065",1065,1,1064,94269,0
"1066",1066,1,1065,151299,0
"1067",1067,1,1066,283464,0
"1068",1068,1,1067,471197,0
"1069",1069,1,1068,118491,0
"1070",1070,1,1069,41884,0
"1071",1071,1,1070,606347,0
"1072",1072,1,1071,45432,0
"1073",1073,1,1072,33682,1
"1074",1074,1,1073,410852,0
"1075",1075,1,1074,31863,0
"1076",1076,1,1075,549831,0
"1077",1077,1,1076,503716,0
"1078",1078,1,1077,386821,0
"1079",1079,1,1078,649444,0
"1080",1080,1,1079,631991,0
"1081",1081,1,1080,414522,0
"1082",1082,1,1081,432053,1
"1083",1083,1,1082,435592,0
"1084",1084,1,1083,304796,0
"1085",1085,1,1084,187560,0
"1086",1086,1,1085,472337,0
"1087",1087,1,1086,619174,0
"1088",1088,1,1087,255571,0
"1089",1089,1,1088,557810,0
"1090",1090,1,1089,194205,0
"1091",1091,1,1090,377268,0
"1092",1092,1,1091,338482,1
"1093",1093,1,1092,615011,0
"1094",1094,1,1093,129524,0
"1095",1095,1,1094,180548,0
"1096",1096,1,1095,569571,0
"1097",1097,1,1096,424138,0
"1098",1098,1,1097,644057,0
"1099",1099,1,1098,156769,0
"1100",1100,1,1099,227779,0
"1101",1101,1,1100,194746,0
"1102",1102,1,1101,478254,0
"1103",1103,1,1102,51834,0
"1104",1104,1,1103,218732,1
"1105",1105,1,1104,416547,0
"1106",1106,1,1105,501362,0
"1107",1107,1,1106,160698,0
"1108",1108,1,1107,295805,0
"1109",1109,1,1108,329063,0
"1110",1110,1,1109,70464,0
"1111",1111,1,1110,502400,0
"1112",1112,1,1111,234185,0
"1113",1113,1,1112,620443,0
"1114",1114,1,1113,323846,0
"1115",1115,1,1114,498214,0
"1116",1116,1,1115,75893,1
"1117",1117,1,1116,650939,0
"1118",1118,1,1117,244539,0
"1119",1119,1,1118,649213,0
"1120",1120,1,1119,340386,0
"1121",1121,1,1120,351635,0
"1122",1122,1,1121,479707,0
"1123",1123,1,1122,565741,0
"1124",1124,1,1123,146444,0
"1125",1125,1,1124,531390,1
"1126",1126,1,1125,529898,0
"1127",1127,1,1126,526025,0
"1128",1128,1,1127,83590,0
"1129",1129,1,1128,220467,0
"1130",1130,1,1129,232814,0
"1131",1131,1,1130,601021,0
"1132",1132,1,1131,235967,0
"1133",1133,1,1132,502403,0
"1134",1134,1,1133,358525,0
"1135",1135,1,1134,457246,1
"1136",1136,1,1135,380147,0
"1137",1137,1,1136,206181,0
"1138",1138,1,1137,197807,0
"1139",1139,1,1138,620388,0
"1140",1140,1,1139,423949,0
"1141",1141,1,1140,168314,0
"1142",1142,1,1141,281932,0
"1143",1143,1,1142,135100,0
"1144",1144,1,1143,499066,0
"1145",1145,1,1144,646748,0
"1146",1146,1,1145,65466,1
"1147",1147,1,1146,567889,0
"1148",1148,1,1147,81351,0
"1149",1149,1,1148,297825,0
"1150",1150,1,1149,445590,0
"1151",1151,1,1150,574969,0
"1152",1152,1,1151,600852,0
"1153",1153,1,1152,486338,0
"1154",1154,1,1153,101560,0
"1155",1155,1,1154,382983,0
"1156",1156,1,1155,410517,0
"1157",1157,1,1156,157612,1
"1158",1158,1,1157,499191,0
"1159",1159,1,1158,86344,0
"1160",1160,1,1159,135137,0
"1161",1161,1,1160,390007,0
"1162",1162,1,1161,363680,0
"1163",1163,1,1162,268310,0
"1164",1164,1,1163,494018,0
"1165",1165,1,1164,142428,0
"1166",1166,1,1165,329896,0
"1167",1167,1,1166,124697,0
"1168",1168,1,1167,9444,0
"1169",1169,1,1168,358799,0
"1170",1170,1,1169,484755,0
"1171",1171,1,1170,44442,0
"1172",1172,1,1171,61394,1
"1173",1173,1,1172,375155,0
"1174",1174,1,1173,320601,0
"1175",1175,1,1174,287757,0
"1176",1176,1,1175,388835,0
"1177",1177,1,1176,508894,0
"1178",1178,1,1177,107112,0
"1179",1179,1,1178,270531,0
"1180",1180,1,1179,3079,0
"1181",1181,1,1180,549467,0
"1182",1182,1,1181,37540,0
"1183",1183,1,1182,368903,0
"1184",1184,1,1183,516377,0
"1185",1185,1,1184,10686,1
"1186",1186,1,1185,623408,0
"1187",1187,1,1186,629124,0
"1188",1188,1,1187,559416,0
"1189",1189,1,1188,22292,0
"1190",1190,1,1189,83713,0
"1191",1191,1,1190,237436,0
"1192",1192,1,1191,121462,0
"1193",1193,1,1192,154236,0
"1194",1194,1,1193,521109,0
"1195",1195,1,1194,363244,0
"1196",1196,1,1195,477712,0
"1197",1197,1,1196,297903,1
"1198",1198,1,1197,460912,0
"1199",1199,1,1198,233853,0
"1200",1200,1,1199,294726,0
"1201",1201,1,1200,327943,0
"1202",1202,1,1201,344256,0
"1203",1203,1,1202,220735,0
"1204",1204,1,1203,577297,0
"1205",1205,1,1204,364846,0
"1206",1206,1,1205,134783,0
"1207",1207,1,1206,527397,0
"1208",1208,1,1207,213352,0
"1209",1209,1,1208,239286,1
"1210",1210,1,1209,554124,0
"1211",1211,1,1210,89173,0
"1212",1212,1,1211,414928,0
"1213",1213,1,1212,240009,0
"1214",1214,1,1213,520753,0
"1215",1215,1,1214,622326,0
"1216",1216,1,1215,226447,0
"1217",1217,1,1216,91955,0
"1218",1218,1,1217,366853,0
"1219",1219,1,1218,545688,1
"1220",1220,1,1219,542447,0
"1221",1221,1,1220,467869,0
"1222",1222,1,1221,210392,0
"1223",1223,1,1222,18767,0
"1224",1224,1,1223,37617,0
"1225",1225,1,1224,113152,0
"1226",1226,1,1225,562595,0
"1227",1227,1,1226,218315,0
"1228",1228,1,1227,175048,0
"1229",1229,1,1228,100040,0
"1230",1230,1,1229,222296,0
"1231",1231,1,1230,535168,0
"1232",1232,1,1231,592483,0
"1233",1233,1,1232,320706,1
"1234",1234,1,1233,200435,0
"1235",1235,1,1234,440103,0
"1236",1236,1,1235,113182,0
"1237",1237,1,1236,449958,0
"1238",1238,1,1237,475805,0
"1239",1239,1,1238,262236,0
"1240",1240,1,1239,34761,0
"1241",1241,1,1240,613020,0
"1242",1242,1,1241,576140,0
"1243",1243,1,1242,145917,0
"1244",1244,1,1243,350222,1
"1245",1245,1,1244,498511,0
"1246",1246,1,1245,83566,0
"1247",1247,1,1246,503229,0
"1248",1248,1,1247,227183,0
"1249",1249,1,1248,114207,0
"1250",1250,1,1249,493755,0
"1251",1251,1,1250,524319,0
"1252",1252,1,1251,618840,0
"1253",1253,1,1252,26740,0
"1254",1254,1,1253,454282,0
"1255",1255,1,1254,10283,0
"1256",1256,1,1255,204740,0
"1257",1257,1,1256,340117,1
"1258",1258,1,1257,348214,0
"1259",1259,1,1258,32274,0
"1260",1260,1,1259,88052,0
"1261",1261,1,1260,611359,0
"1262",1262,1,1261,2176,0
"1263",1263,1,1262,312746,0
"1264",1264,1,1263,145608,0
"1265",1265,1,1264,410282,0
"1266",1266,1,1265,531219,0
"1267",1267,1,1266,527367,0
"1268",1268,1,1267,612042,0
"1269",1269,1,1268,139844,1
"1270",1270,1,1269,420709,0
"1271",1271,1,1270,192561,0
"1272",1272,1,1271,613238,0
"1273",1273,1,1272,189994,0
"1274",1274,1,1273,275811,0
"1275",1275,1,1274,515267,0
"1276",1276,1,1275,299357,0
"1277",1277,1,1276,230882,0
"1278",1278,1,1277,649416,0
"1279",1279,1,1278,617151,1
"1280",1280,1,1279,353671,0
"1281",1281,1,1280,538278,0
"1282",1282,1,1281,242531,0
"1283",1283,1,1282,618802,0
"1284",1284,1,1283,294317,0
"1285",1285,1,1284,201562,0
"1286",1286,1,1285,148571,0
"1287",1287,1,1286,56933,0
"1288",1288,1,1287,362135,0
"1289",1289,1,1288,283101,0
"1290",1290,1,1289,173398,0
"1291",1291,1,1290,208829,0
"1292",1292,1,1291,158123,1
"1293",1293,1,1292,648083,0
"1294",1294,1,1293,304232,0
"1295",1295,1,1294,50108,0
"1296",1296,1,1295,557822,0
"1297",1297,1,1296,241940,0
"1298",1298,1,1297,22703,0
"1299",1299,1,1298,2702,0
"1300",1300,1,1299,87532,0
"1301",1301,1,1300,499862,0
"1302",1302,1,1301,318832,0
"1303",1303,1,1302,412964,0
"1304",1304,1,1303,502062,0
"1305",1305,1,1304,576482,1
"1306",1306,1,1305,341305,0
"1307",1307,1,1306,533152,0
"1308",1308,1,1307,163623,0
"1309",1309,1,1308,7370,0
"1310",1310,1,1309,356255,0
"1311",1311,1,1310,314762,0
"1312",1312,1,1311,637084,0
"1313",1313,1,1312,339847,0
"1314",1314,1,1313,637521,0
"1315",1315,1,1314,547402,1
"1316",1316,1,1315,32624,0
"1317",1317,1,1316,543297,0
"1318",1318,1,1317,90890,0
"1319",1319,1,1318,175085,0
"1320",1320,1,1319,336659,0
"1321",1321,1,1320,157473,0
"1322",1322,1,1321,110336,0
"1323",1323,1,1322,72593,0
"1324",1324,1,1323,425225,0
"1325",1325,1,1324,5968,0
"1326",1326,1,1325,298523,0
"1327",1327,1,1326,542869,0
"1328",1328,1,1327,521129,0
"1329",1329,1,1328,68864,1
"1330",1330,1,1329,542127,0
"1331",1331,1,1330,170133,0
"1332",1332,1,1331,509887,0
"1333",1333,1,1332,74786,0
"1334",1334,1,1333,314729,0
"1335",1335,1,1334,543073,0
"1336",1336,1,1335,62618,0
"1337",1337,1,1336,78387,0
"1338",1338,1,1337,550623,0
"1339",1339,1,1338,226526,0
"1340",1340,1,1339,605118,0
"1341",1341,1,1340,64232,0
"1342",1342,1,1341,523720,1
"1343",1343,1,1342,446723,0
"1344",1344,1,1343,159848,0
"1345",1345,1,1344,558949,0
"1346",1346,1,1345,640896,0
"1347",1347,1,1346,70701,0
"1348",1348,1,1347,117812,0
"1349",1349,1,1348,267191,0
"1350",1350,1,1349,209944,0
"1351",1351,1,1350,51185,0
"1352",1352,1,1351,568592,0
"1353",1353,1,1352,174353,0
"1354",1354,1,1353,253671,0
"1355",1355,1,1354,161049,0
"1356",1356,1,1355,329577,1
"1357",1357,1,1356,298235,0
"1358",1358,1,1357,61590,0
"1359",1359,1,1358,506527,0
"1360",1360,1,1359,485885,0
"1361",1361,1,1360,274844,0
"1362",1362,1,1361,493681,0
"1363",1363,1,1362,32059,0
"1364",1364,1,1363,100395,0
"1365",1365,1,1364,274274,0
"1366",1366,1,1365,188677,0
"1367",1367,1,1366,545311,0
"1368",1368,1,1367,151094,1
"1369",1369,1,1368,498538,0
"1370",1370,1,1369,231955,0
"1371",1371,1,1370,105487,0
"1372",1372,1,1371,629218,0
"1373",1373,1,1372,147136,0
"1374",1374,1,1373,363625,0
"1375",1375,1,1374,502389,0
"1376",1376,1,1375,450846,0
"1377",1377,1,1376,45953,0
"1378",1378,1,1377,489682,0
"1379",1379,1,1378,625094,0
"1380",1380,1,1379,190318,1
"1381",1381,1,1380,224808,0
"1382",1382,1,1381,585638,0
"1383",1383,1,1382,313736,0
"1384",1384,1,1383,368995,0
"1385",1385,1,1384,237246,0
"1386",1386,1,1385,480842,0
"1387",1387,1,1386,49678,0
"1388",1388,1,1387,544525,0
"1389",1389,1,1388,640331,0
"1390",1390,1,1389,40719,0
"1391",1391,1,1390,376073,1
"1392",1392,1,1391,390738,0
"1393",1393,1,1392,31174,0
"1394",1394,1,1393,277032,0
"1395",1395,1,1394,378026,0
"1396",1396,1,1395,261224,0
"1397",1397,1,1396,183393,0
"1398",1398,1,1397,111932,0
"1399",1399,1,1398,565064,0
"1400",1400,1,1399,54137,0
"1401",1401,1,1400,21430,0
"1402",1402,1,1401,639096,0
"1403",1403,1,1402,362389,0
"1404",1404,1,1403,783,0
"1405",1405,1,1404,486115,1
"1406",1406,1,1405,477441,0
"1407",1407,1,1406,516233,0
"1408",1408,1,1407,573077,0
"1409",1409,1,1408,219725,0
"1410",1410,1,1409,483513,0
"1411",1411,1,1410,648892,0
"1412",1412,1,1411,330233,0
"1413",1413,1,1412,107383,0
"1414",1414,1,1413,522292,0
"1415",1415,1,1414,135089,1
"1416",1416,1,1415,605173,0
"1417",1417,1,1416,360366,0
"1418",1418,1,1417,567437,0
"1419",1419,1,1418,644717,0
"1420",1420,1,1419,631560,0
"1421",1421,1,1420,447152,0
"1422",1422,1,1421,221986,1
"1423",1423,1,1422,471262,0
"1424",1424,1,1423,516983,0
"1425",1425,1,1424,205844,0
"1426",1426,1,1425,131255,0
"1427",1427,1,1426,564417,0
"1428",1428,1,1427,31367,0
"1429",1429,1,1428,335270,0
"1430",1430,1,1429,498510,0
"1431",1431,1,1430,618730,0
"1432",1432,1,1431,562485,0
"1433",1433,1,1432,49017,0
"1434",1434,1,1433,240129,1
"1435",1435,1,1434,652247,0
"1436",1436,1,1435,34561,0
"1437",1437,1,1436,323586,0
"1438",1438,1,1437,310095,0
"1439",1439,1,1438,102533,0
"1440",1440,1,1439,510083,0
"1441",1441,1,1440,492360,0
"1442",1442,1,1441,507693,0
"1443",1443,1,1442,108790,0
"1444",1444,1,1443,553462,0
"1445",1445,1,1444,163110,1
"1446",1446,1,1445,241778,0
"1447",1447,1,1446,194896,0
"1448",1448,1,1447,599442,0
"1449",1449,1,1448,518789,0
"1450",1450,1,1449,177281,0
"1451",1451,1,1450,99661,0
"1452",1452,1,1451,343934,0
"1453",1453,1,1452,584385,0
"1454",1454,1,1453,415276,0
"1455",1455,1,1454,260593,0
"1456",1456,1,1455,247427,0
"1457",1457,1,1456,259769,1
"1458",1458,1,1457,302247,0
"1459",1459,1,1458,228581,0
"1460",1460,1,1459,302449,0
"1461",1461,1,1460,624191,0
"1462",1462,1,1461,257221,0
"1463",1463,1,1462,518771,0
"1464",1464,1,1463,204799,0
"1465",1465,1,1464,551227,0
"1466",1466,1,1465,318765,0
"1467",1467,1,1466,467348,0
"1468",1468,1,1467,22413,1
"1469",1469,1,1468,610495,0
"1470",1470,1,1469,65239,0
"1471",1471,1,1470,402540,0
"1472",1472,1,1471,127669,0
"1473",1473,1,1472,236326,0
"1474",1474,1,1473,374682,0
"1475",1475,1,1474,164890,0
"1476",1476,1,1475,581422,0
"1477",1477,1,1476,375546,0
"1478",1478,1,1477,514138,0
"1479",1479,1,1478,160027,1
"1480",1480,1,1479,567081,0
"1481",1481,1,1480,318735,0
"1482",1482,1,1481,434878,0
"1483",1483,1,1482,115600,0
"1484",1484,1,1483,236690,0
"1485",1485,1,1484,412176,0
"1486",1486,1,1485,203456,0
"1487",1487,1,1486,248404,0
"1488",1488,1,1487,486494,0
"1489",1489,1,1488,191413,0
"1490",1490,1,1489,113390,0
"1491",1491,1,1490,427709,0
"1492",1492,1,1491,462577,1
"1493",1493,1,1492,462267,0
"1494",1494,1,1493,269637,0
"1495",1495,1,1494,164217,0
"1496",1496,1,1495,118051,0
"1497",1497,1,1496,345511,0
"1498",1498,1,1497,115062,0
"1499",1499,1,1498,89143,0
"1500",1500,1,1499,181575,0
"1501",1501,1,1500,151757,0
"1502",1502,1,1501,523901,0
"1503",1503,1,1502,507123,0
"1504",1504,1,1503,190513,0
"1505",1505,1,1504,295748,0
"1506",1506,1,1505,448573,0
"1507",1507,1,1506,136889,1
"1508",1508,1,1507,415212,0
"1509",1509,1,1508,123502,0
"1510",1510,1,1509,450522,0
"1511",1511,1,1510,579253,0
"1512",1512,1,1511,343370,0
"1513",1513,1,1512,56854,0
"1514",1514,1,1513,214640,0
"1515",1515,1,1514,591525,0
"1516",1516,1,1515,329982,0
"1517",1517,1,1516,306170,0
"1518",1518,1,1517,233131,0
"1519",1519,1,1518,82413,1
"1520",1520,1,1519,298254,0
"1521",1521,1,1520,68722,0
"1522",1522,1,1521,441789,0
"1523",1523,1,1522,178465,0
"1524",1524,1,1523,309627,0
"1525",1525,1,1524,591095,0
"1526",1526,1,1525,175243,0
"1527",1527,1,1526,175979,0
"1528",1528,1,1527,446163,0
"1529",1529,1,1528,491800,0
"1530",1530,1,1529,167389,0
"1531",1531,1,1530,503507,1
"1532",1532,1,1531,486407,0
"1533",1533,1,1532,190710,0
"1534",1534,1,1533,70487,0
"1535",1535,1,1534,122367,0
"1536",1536,1,1535,632574,0
"1537",1537,1,1536,207380,0
"1538",1538,1,1537,426065,0
"1539",1539,1,1538,583778,0
"1540",1540,1,1539,186529,0
"1541",1541,1,1540,105420,0
"1542",1542,1,1541,409218,0
"1543",1543,1,1542,627054,1
"1544",1544,1,1543,157058,0
"1545",1545,1,1544,532877,0
"1546",1546,1,1545,144754,0
"1547",1547,1,1546,454688,0
"1548",1548,1,1547,305263,0
"1549",1549,1,1548,289521,0
"1550",1550,1,1549,315664,0
"1551",1551,1,1550,521066,0
"1552",1552,1,1551,174504,0
"1553",1553,1,1552,426217,1
"1554",1554,1,1553,642303,0
"1555",1555,1,1554,394714,0
"1556",1556,1,1555,436221,0
"1557",1557,1,1556,495848,0
"1558",1558,1,1557,527287,0
"1559",1559,1,1558,545353,0
"1560",1560,1,1559,552946,0
"1561",1561,1,1560,190001,0
"1562",1562,1,1561,586361,1
"1563",1563,1,1562,230353,0
"1564",1564,1,1563,75536,0
"1565",1565,1,1564,489467,0
"1566",1566,1,1565,136076,0
"1567",1567,1,1566,341152,0
"1568",1568,1,1567,220138,0
"1569",1569,1,1568,311966,0
"1570",1570,1,1569,18671,0
"1571",1571,1,1570,107315,0
"1572",1572,1,1571,116026,0
"1573",1573,1,1572,133252,0
"1574",1574,1,1573,420192,0
"1575",1575,1,1574,447513,0
"1576",1576,1,1575,628193,0
"1577",1577,1,1576,15325,0
"1578",1578,1,1577,104304,1
"1579",1579,1,1578,368310,0
"1580",1580,1,1579,150082,0
"1581",1581,1,1580,330641,2
"1582",1582,1,1581,16452877,0
"1583",1583,1,1582,635782,0
"1584",1584,1,1583,304239,0
"1585",1585,1,1584,499906,0
"1586",1586,1,1585,154686,0
"1587",1587,1,1586,155287,0
"1588",1588,1,1587,511788,0
"1589",1589,1,1588,290087,0
"1590",1590,1,1589,352553,1
"1591",1591,1,1590,525151,0
"1592",1592,1,1591,599733,0
"1593",1593,1,1592,443411,0
"1594",1594,1,1593,592866,0
"1595",1595,1,1594,561857,0
"1596",1596,1,1595,416614,0
"1597",1597,1,1596,208599,0
"1598",1598,1,1597,42273,0
"1599",1599,1,1598,496730,0
"1600",1600,1,1599,211820,1
"1601",1601,1,1600,233841,0
"1602",1602,1,1601,554956,0
"1603",1603,1,1602,615338,0
"1604",1604,1,1603,617263,0
"1605",1605,1,1604,81617,0
"1606",1606,1,1605,572732,0
"1607",1607,1,1606,97527,0
"1608",1608,1,1607,202133,0
"1609",1609,1,1608,526824,1
"1610",1610,1,1609,565333,0
"1611",1611,1,1610,393489,0
"1612",1612,1,1611,10560,0
"1613",1613,1,1612,381974,0
"1614",1614,1,1613,154873,0
"1615",1615,1,1614,554533,0
"1616",1616,1,1615,644895,0
"1617",1617,1,1616,478389,0
"1618",1618,1,1617,424140,0
"1619",1619,1,1618,259234,0
"1620",1620,1,1619,39773,1
"1621",1621,1,1620,549979,0
"1622",1622,1,1621,584208,0
"1623",1623,1,1622,114150,0
"1624",1624,1,1623,449885,0
"1625",1625,1,1624,363013,0
"1626",1626,1,1625,92757,0
"1627",1627,1,1626,542932,0
"1628",1628,1,1627,493378,0
"1629",1629,1,1628,122199,0
"1630",1630,1,1629,505783,0
"1631",1631,1,1630,369989,1
"1632",1632,1,1631,440615,0
"1633",1633,1,1632,236098,0
"1634",1634,1,1633,628562,0
"1635",1635,1,1634,509893,0
"1636",1636,1,1635,173583,0
"1637",1637,1,1636,503324,0
"1638",1638,1,1637,101662,0
"1639",1639,1,1638,440050,0
"1640",1640,1,1639,649666,0
"1641",1641,1,1640,324664,1
"1642",1642,1,1641,604728,0
"1643",1643,1,1642,134493,0
"1644",1644,1,1643,394156,0
"1645",1645,1,1644,400335,0
"1646",1646,1,1645,104775,0
"1647",1647,1,1646,232817,0
"1648",1648,1,1647,33347,0
"1649",1649,1,1648,242902,0
"1650",1650,1,1649,171400,0
"1651",1651,1,1650,618387,0
"1652",1652,1,1651,288222,0
"1653",1653,1,1652,92474,0
"1654",1654,1,1653,79074,0
"1655",1655,1,1654,347993,1
"1656",1656,1,1655,561435,0
"1657",1657,1,1656,491958,0
"1658",1658,1,1657,320516,0
"1659",1659,1,1658,9354,0
"1660",1660,1,1659,181339,0
"1661",1661,1,1660,635995,0
"1662",1662,1,1661,164834,0
"1663",1663,1,1662,504441,0
"1664",1664,1,1663,306794,0
"1665",1665,1,1664,573762,1
"1666",1666,1,1665,409741,0
"1667",1667,1,1666,495401,0
"1668",1668,1,1667,345031,0
"1669",1669,1,1668,356056,0
"1670",1670,1,1669,592718,0
"1671",1671,1,1670,525875,0
"1672",1672,1,1671,260458,0
"1673",1673,1,1672,536689,0
"1674",1674,1,1673,180827,0
"1675",1675,1,1674,344901,1
"1676",1676,1,1675,453970,0
"1677",1677,1,1676,101061,0
"1678",1678,1,1677,406252,0
"1679",1679,1,1678,405932,0
"1680",1680,1,1679,564202,0
"1681",1681,1,1680,60604,0
"1682",1682,1,1681,178526,0
"1683",1683,1,1682,643746,0
"1684",1684,1,1683,26392,0
"1685",1685,1,1684,628983,0
"1686",1686,1,1685,507243,1
"1687",1687,1,1686,374802,0
"1688",1688,1,1687,274115,0
"1689",1689,1,1688,613917,0
"1690",1690,1,1689,120514,0
"1691",1691,1,1690,500372,0
"1692",1692,1,1691,173510,0
"1693",1693,1,1692,319972,0
"1694",1694,1,1693,75947,0
"1695",1695,1,1694,126906,0
"1696",1696,1,1695,610963,0
"1697",1697,1,1696,4444,0
"1698",1698,1,1697,403876,1
"1699",1699,1,1698,537424,0
"1700",1700,1,1699,222346,0
"1701",1701,1,1700,82491,0
"1702",1702,1,1701,297964,0
"1703",1703,1,1702,486790,0
"1704",1704,1,1703,15034,0
"1705",1705,1,1704,240235,0
"1706",1706,1,1705,42145,0
"1707",1707,1,1706,362479,0
"1708",1708,1,1707,500758,0
"1709",1709,1,1708,494228,0
"1710",1710,1,1709,504841,0
"1711",1711,1,1710,15017,1
"1712",1712,1,1711,483072,0
"1713",1713,1,1712,241081,0
"1714",1714,1,1713,182702,0
"1715",1715,1,1714,415567,0
"1716",1716,1,1715,34310,0
"1717",1717,1,1716,517204,0
"1718",1718,1,1717,188903,0
"1719",1719,1,1718,76186,0
"1720",1720,1,1719,129028,0
"1721",1721,1,1720,384386,0
"1722",1722,1,1721,596574,0
"1723",1723,1,1722,74646,0
"1724",1724,1,1723,111029,0
"1725",1725,1,1724,646393,1
"1726",1726,1,1725,525601,0
"1727",1727,1,1726,329215,0
"1728",1728,1,1727,199469,0
"1729",1729,1,1728,644449,0
"1730",1730,1,1729,217492,0
"1731",1731,1,1730,293801,0
"1732",1732,1,1731,596956,0
"1733",1733,1,1732,402135,0
"1734",1734,1,1733,68842,0
"1735",1735,1,1734,6654,0
"1736",1736,1,1735,509591,1
"1737",1737,1,1736,373414,0
"1738",1738,1,1737,249848,0
"1739",1739,1,1738,217558,0
"1740",1740,1,1739,97284,0
"1741",1741,1,1740,344777,0
"1742",1742,1,1741,75121,0
"1743",1743,1,1742,511170,0
"1744",1744,1,1743,161106,0
"1745",1745,1,1744,24093,0
"1746",1746,1,1745,17121,0
"1747",1747,1,1746,265311,0
"1748",1748,1,1747,19814,0
"1749",1749,1,1748,351783,0
"1750",1750,1,1749,499312,0
"1751",1751,1,1750,522960,0
"1752",1752,1,1751,2321,0
"1753",1753,1,1752,203090,1
"1754",1754,1,1753,640628,0
"1755",1755,1,1754,501019,0
"1756",1756,1,1755,241802,0
"1757",1757,1,1756,300923,0
"1758",1758,1,1757,77883,0
"1759",1759,1,1758,85656,0
"1760",1760,1,1759,180155,0
"1761",1761,1,1760,188368,0
"1762",1762,1,1761,47607,0
"1763",1763,1,1762,418169,0
"1764",1764,1,1763,360849,0
"1765",1765,1,1764,493335,0
"1766",1766,1,1765,239455,0
"1767",1767,1,1766,111773,1
"1768",1768,1,1767,440301,0
"1769",1769,1,1768,552025,0
"1770",1770,1,1769,93686,0
"1771",1771,1,1770,421643,0
"1772",1772,1,1771,427969,0
"1773",1773,1,1772,42501,0
"1774",1774,1,1773,164357,0
"1775",1775,1,1774,276638,0
"1776",1776,1,1775,190428,0
"1777",1777,1,1776,330699,0
"1778",1778,1,1777,588877,0
"1779",1779,1,1778,299385,1
"1780",1780,1,1779,502960,0
"1781",1781,1,1780,408317,0
"1782",1782,1,1781,327939,0
"1783",1783,1,1782,223955,0
"1784",1784,1,1783,508852,0
"1785",1785,1,1784,568546,0
"1786",1786,1,1785,381039,0
"1787",1787,1,1786,294372,0
"1788",1788,1,1787,201240,0
"1789",1789,1,1788,629894,1
"1790",1790,1,1789,117782,0
"1791",1791,1,1790,603466,0
"1792",1792,1,1791,402424,0
"1793",1793,1,1792,562198,0
"1794",1794,1,1793,422538,0
"1795",1795,1,1794,456585,0
"1796",1796,1,1795,168423,0
"1797",1797,1,1796,639098,0
"1798",1798,1,1797,227646,0
"1799",1799,1,1798,85947,1
"1800",1800,1,1799,428255,0
"1801",1801,1,1800,129751,0
"1802",1802,1,1801,46817,0
"1803",1803,1,1802,12275,0
"1804",1804,1,1803,494156,0
"1805",1805,1,1804,368414,0
"1806",1806,1,1805,112694,0
"1807",1807,1,1806,287263,0
"1808",1808,1,1807,140145,0
"1809",1809,1,1808,70878,0
"1810",1810,1,1809,631897,0
"1811",1811,1,1810,377088,0
"1812",1812,1,1811,512313,0
"1813",1813,1,1812,92160,0
"1814",1814,1,1813,6046,0
"1815",1815,1,1814,354029,1
"1816",1816,1,1815,266393,0
"1817",1817,1,1816,6462,0
"1818",1818,1,1817,508861,0
"1819",1819,1,1818,115640,0
"1820",1820,1,1819,209238,0
"1821",1821,1,1820,243907,0
"1822",1822,1,1821,342908,0
"1823",1823,1,1822,544357,0
"1824",1824,1,1823,450757,0
"1825",1825,1,1824,465799,0
"1826",1826,1,1825,331907,1
"1827",1827,1,1826,574271,0
"1828",1828,1,1827,466206,0
"1829",1829,1,1828,640214,0
"1830",1830,1,1829,550167,0
"1831",1831,1,1830,220843,0
"1832",1832,1,1831,540210,0
"1833",1833,1,1832,519184,0
"1834",1834,1,1833,285618,0
"1835",1835,1,1834,451926,0
"1836",1836,1,1835,90378,1
"1837",1837,1,1836,446576,0
"1838",1838,1,1837,151209,0
"1839",1839,1,1838,39525,0
"1840",1840,1,1839,66469,0
"1841",1841,1,1840,175231,0
"1842",1842,1,1841,400123,0
"1843",1843,1,1842,116379,0
"1844",1844,1,1843,32647,0
"1845",1845,1,1844,539767,0
"1846",1846,1,1845,89657,0
"1847",1847,1,1846,389353,0
"1848",1848,1,1847,46421,0
"1849",1849,1,1848,635890,0
"1850",1850,1,1849,645122,1
"1851",1851,1,1850,395524,0
"1852",1852,1,1851,169335,0
"1853",1853,1,1852,492958,0
"1854",1854,1,1853,202560,0
"1855",1855,1,1854,42512,0
"1856",1856,1,1855,142431,0
"1857",1857,1,1856,11756,0
"1858",1858,1,1857,397577,0
"1859",1859,1,1858,282772,0
"1860",1860,1,1859,422103,0
"1861",1861,1,1860,594231,0
"1862",1862,1,1861,274673,0
"1863",1863,1,1862,402588,0
"1864",1864,1,1863,37614,0
"1865",1865,1,1864,69320,1
"1866",1866,1,1865,586521,0
"1867",1867,1,1866,460146,0
"1868",1868,1,1867,346551,0
"1869",1869,1,1868,446267,0
"1870",1870,1,1869,223749,0
"1871",1871,1,1870,131278,0
"1872",1872,1,1871,466763,0
"1873",1873,1,1872,349274,0
"1874",1874,1,1873,395183,0
"1875",1875,1,1874,147548,0
"1876",1876,1,1875,8721,0
"1877",1877,1,1876,280676,1
"1878",1878,1,1877,508067,0
"1879",1879,1,1878,196862,0
"1880",1880,1,1879,572577,0
"1881",1881,1,1880,362277,0
"1882",1882,1,1881,376545,0
"1883",1883,1,1882,647707,0
"1884",1884,1,1883,215869,0
"1885",1885,1,1884,162261,0
"1886",1886,1,1885,187126,0
"1887",1887,1,1886,585220,1
"1888",1888,1,1887,260690,0
"1889",1889,1,1888,249071,0
"1890",1890,1,1889,476832,0
"1891",1891,1,1890,297755,0
"1892",1892,1,1891,607810,0
"1893",1893,1,1892,285508,0
"1894",1894,1,1893,498522,0
"1895",1895,1,1894,434576,0
"1896",1896,1,1895,56178,0
"1897",1897,1,1896,294927,0
"1898",1898,1,1897,291060,0
"1899",1899,1,1898,30811,1
"1900",1900,1,1899,527600,0
"1901",1901,1,1900,403096,0
"1902",1902,1,1901,304739,0
"1903",1903,1,1902,638734,0
"1904",1904,1,1903,242660,0
"1905",1905,1,1904,346225,0
"1906",1906,1,1905,229108,0
"1907",1907,1,1906,159103,0
"1908",1908,1,1907,392887,0
"1909",1909,1,1908,236412,0
"1910",1910,1,1909,614500,1
"1911",1911,1,1910,436573,0
"1912",1912,1,1911,490222,0
"1913",1913,1,1912,261390,0
"1914",1914,1,1913,207079,0
"1915",1915,1,1914,45383,0
"1916",1916,1,1915,49974,0
"1917",1917,1,1916,563168,0
"1918",1918,1,1917,459563,0
"1919",1919,1,1918,292815,0
"1920",1920,1,1919,429279,0
"1921",1921,1,1920,483548,0
"1922",1922,1,1921,69995,1
"1923",1923,1,1922,565615,0
"1924",1924,1,1923,587284,0
"1925",1925,1,1924,516200,0
"1926",1926,1,1925,454884,0
"1927",1927,1,1926,13358,0
"1928",1928,1,1927,37144,0
"1929",1929,1,1928,132589,0
"1930",1930,1,1929,377620,0
"1931",1931,1,1930,574800,0
"1932",1932,1,1931,196226,0
"1933",1933,1,1932,114592,1
"1934",1934,1,1933,571347,0
"1935",1935,1,1934,138481,0
"1936",1936,1,1935,441550,0
"1937",1937,1,1936,130058,0
"1938",1938,1,1937,26920,0
"1939",1939,1,1938,428068,0
"1940",1940,1,1939,309292,0
"1941",1941,1,1940,649653,0
"1942",1942,1,1941,523143,0
"1943",1943,1,1942,599352,0
"1944",1944,1,1943,441404,1
"1945",1945,1,1944,353881,0
"1946",1946,1,1945,32929,0
"1947",1947,1,1946,595139,0
"1948",1948,1,1947,90441,0
"1949",1949,1,1948,614478,0
"1950",1950,1,1949,585109,0
"1951",1951,1,1950,260268,0
"1952",1952,1,1951,216151,0
"1953",1953,1,1952,265238,0
"1954",1954,1,1953,399194,1
"1955",1955,1,1954,648472,0
"1956",1956,1,1955,328327,0
"1957",1957,1,1956,351225,0
"1958",1958,1,1957,272871,0
"1959",1959,1,1958,629925,0
"1960",1960,1,1959,463562,0
"1961",1961,1,1960,502033,0
"1962",1962,1,1961,622384,0
"1963",1963,1,1962,296611,0
"1964",1964,1,1963,190739,1
"1965",1965,1,1964,112659,0
"1966",1966,1,1965,178450,0
"1967",1967,1,1966,188506,0
"1968",1968,1,1967,32153,0
"1969",1969,1,1968,591436,0
"1970",1970,1,1969,29741,0
"1971",1971,1,1970,358287,0
"1972",1972,1,1971,12858,0
"1973",1973,1,1972,313182,0
"1974",1974,1,1973,503193,0
"1975",1975,1,1974,211311,0
"1976",1976,1,1975,338058,0
